document_id,overall_before,overall_after,delta,nid_before,nid_after,teds_before,teds_after,mhs_before,mhs_after
01030000000001,0.986124,0.997614,0.011490,0.992394,0.997465,,,0.979854,0.997764
01030000000002,0.987136,0.996037,0.008901,0.988049,0.995404,,,0.986222,0.996670
01030000000003,0.959304,0.987776,0.028472,0.963733,0.984133,,,0.954876,0.991419
01030000000004,0.991272,0.998156,0.006884,0.988478,0.997776,,,0.994066,0.998536
01030000000005,0.875536,0.884615,0.009079,0.875536,0.884615,,,,
01030000000006,0.910000,0.920398,0.010398,0.910000,0.920398,,,,
01030000000007,0.978239,0.980857,0.002618,0.990973,0.994411,,,0.965504,0.967303
01030000000008,0.956758,0.987312,0.030554,0.956758,0.987312,,,,
01030000000009,0.961517,0.984384,0.022867,0.961517,0.984384,,,,
01030000000010,0.936294,0.962199,0.025905,0.936294,0.962199,,,,
01030000000011,0.977366,0.988997,0.011632,0.977366,0.988997,,,,
01030000000012,0.972532,0.979828,0.007296,0.972532,0.979828,,,,
01030000000013,0.933816,0.979725,0.045909,0.962818,0.974571,,,0.904815,0.984879
01030000000014,0.972948,0.984142,0.011194,0.972948,0.984142,,,,
01030000000015,0.930572,0.948437,0.017864,0.930572,0.948437,,,,
01030000000016,0.999163,1.000000,0.000837,0.999003,1.000000,,,0.999322,1.000000
01030000000017,0.973877,0.973877,0.000000,0.973877,0.973877,,,,
01030000000018,0.832101,0.996338,0.164237,0.783115,0.995369,,,0.881086,0.997307
01030000000019,0.993956,0.993956,0.000000,0.998380,0.998380,,,0.989532,0.989532
01030000000020,0.996271,0.996271,0.000000,0.996271,0.996271,,,,
01030000000021,0.872511,0.872804,0.000293,0.995909,0.996495,,,0.749112,0.749112
01030000000022,0.995897,0.995897,0.000000,0.995897,0.995897,,,,
01030000000023,0.998428,0.998428,0.000000,0.998428,0.998428,,,,
01030000000024,0.998977,0.998977,0.000000,0.998977,0.998977,,,,
01030000000025,0.998387,0.998387,0.000000,0.998387,0.998387,,,,
01030000000026,0.997442,0.997442,0.000000,0.997442,0.997442,,,,
01030000000027,0.579117,0.579117,0.000000,0.579117,0.579117,,,,
01030000000028,0.992196,0.992196,0.000000,0.991063,0.991063,,,0.993329,0.993329
01030000000029,0.979296,0.979296,0.000000,0.973449,0.973449,,,0.985142,0.985142
01030000000030,0.968127,0.968127,0.000000,0.968127,0.968127,,,,
01030000000031,0.789450,0.950699,0.161249,0.945308,0.945827,,,0.633592,0.955572
01030000000032,0.982673,0.982673,0.000000,0.975142,0.975142,,,0.990204,0.990204
01030000000033,0.947441,0.975237,0.027797,0.921826,0.965585,,,0.973055,0.984889
01030000000034,0.881441,0.927436,0.045996,0.881441,0.927436,,,,
01030000000035,0.929101,0.953201,0.024100,0.940918,0.941500,,,0.917284,0.964903
01030000000036,0.987523,0.989753,0.002230,0.984890,0.987062,,,0.990156,0.992445
01030000000037,0.992238,0.994978,0.002740,0.988738,0.992450,,,0.995738,0.997505
01030000000038,0.975195,0.983441,0.008246,0.977161,0.983391,,,0.973228,0.983491
01030000000039,0.977605,0.977605,0.000000,0.982036,0.982036,,,0.973175,0.973175
01030000000040,0.993051,0.993051,0.000000,0.993051,0.993051,,,,
01030000000041,0.956713,0.956713,0.000000,0.956713,0.956713,,,,
01030000000042,0.988378,0.988378,0.000000,0.988378,0.988378,,,,
01030000000043,0.926829,0.969504,0.042675,0.926829,0.969504,,,,
01030000000044,0.991092,0.991092,0.000000,0.988942,0.988942,,,0.993243,0.993243
01030000000045,0.956685,0.971498,0.014812,0.913371,0.942995,1.000000,1.000000,,
01030000000046,0.951524,0.964247,0.012723,0.917376,0.929364,0.985671,0.999129,,
01030000000047,0.943900,0.961327,0.017427,0.904827,0.922654,0.982973,1.000000,,
01030000000048,0.997239,0.997239,0.000000,0.995565,0.995565,,,0.998913,0.998913
01030000000049,0.990415,0.990415,0.000000,0.990415,0.990415,,,,
01030000000050,0.984765,0.984765,0.000000,0.984765,0.984765,,,,
01030000000051,0.956052,0.973688,0.017636,0.926897,0.956153,0.998662,0.998662,0.942597,0.966249
01030000000052,0.924095,0.976965,0.052870,0.930158,0.953931,0.918033,1.000000,,
01030000000053,0.966663,0.974330,0.007668,0.943669,0.957386,1.000000,1.000000,0.956319,0.965605
01030000000054,0.998292,0.998292,0.000000,0.998122,0.998122,,,0.998462,0.998462
01030000000055,0.950186,0.950186,0.000000,0.950186,0.950186,,,,
01030000000056,0.895072,0.895072,0.000000,0.895072,0.895072,,,,
01030000000057,0.924284,0.924284,0.000000,0.924284,0.924284,,,,
01030000000058,0.931126,0.931126,0.000000,0.915126,0.915126,,,0.947126,0.947126
01030000000059,0.737345,0.737345,0.000000,0.737345,0.737345,,,,
01030000000060,0.858911,0.858911,0.000000,0.858911,0.858911,,,,
01030000000061,0.965858,0.965858,0.000000,0.965858,0.965858,,,,
01030000000062,0.993565,0.993565,0.000000,0.992169,0.992169,,,0.994962,0.994962
01030000000063,0.968912,0.968912,0.000000,0.968912,0.968912,,,,
01030000000064,0.931316,0.931316,0.000000,0.925131,0.925131,0.937500,0.937500,,
01030000000065,0.993152,0.993152,0.000000,0.991091,0.991091,,,0.995213,0.995213
01030000000066,0.963426,0.963462,0.000035,0.963426,0.963462,,,,
01030000000067,0.961043,0.961043,0.000000,0.956377,0.956377,,,0.965709,0.965709
01030000000068,0.984951,0.985507,0.000556,0.984951,0.985507,,,,
01030000000069,0.813531,0.991128,0.177597,0.988603,0.989177,,,0.638460,0.993080
01030000000070,0.851567,0.851567,0.000000,0.851567,0.851567,,,,
01030000000071,0.996492,0.996492,0.000000,0.995032,0.995032,,,0.997951,0.997951
01030000000072,0.706052,0.736632,0.030580,0.706052,0.736632,,,,
01030000000073,0.832889,0.832889,0.000000,0.832889,0.832889,,,,
01030000000074,0.959712,0.959712,0.000000,0.959712,0.959712,,,,
01030000000075,0.994752,0.999799,0.005047,0.994752,0.999799,,,,
01030000000076,0.904387,0.920177,0.015790,0.904387,0.920177,,,,
01030000000077,0.947695,0.961317,0.013622,0.972622,0.979728,,,0.922768,0.942907
01030000000078,0.956803,0.958522,0.001719,0.916407,0.917370,0.997199,0.999675,,
01030000000079,0.869102,0.869102,0.000000,0.988593,0.988593,,,0.749610,0.749610
01030000000080,0.866326,0.866326,0.000000,0.984308,0.984308,,,0.748344,0.748344
01030000000081,0.962342,0.972127,0.009786,0.924683,0.944255,1.000000,1.000000,,
01030000000082,0.947632,0.959906,0.012273,0.896011,0.920557,0.999254,0.999254,,
01030000000083,0.945687,0.956867,0.011180,0.891373,0.913733,1.000000,1.000000,,
01030000000084,0.953308,0.955702,0.002394,0.906617,0.911404,1.000000,1.000000,,
01030000000085,0.800802,0.800802,0.000000,0.886364,0.886364,,,0.715241,0.715241
01030000000086,0.788008,0.992010,0.204002,0.982677,0.988558,,,0.593338,0.995461
01030000000087,0.984722,0.984722,0.000000,0.984722,0.984722,,,,
01030000000088,0.920331,0.983684,0.063353,0.840835,0.967541,0.999827,0.999827,,
01030000000089,0.923916,0.984320,0.060404,0.847831,0.968639,1.000000,1.000000,,
01030000000090,0.924106,0.981691,0.057585,0.848441,0.963612,0.999771,0.999771,,
01030000000091,0.992585,0.992585,0.000000,0.992047,0.992047,,,0.993122,0.993122
01030000000092,0.995280,0.995280,0.000000,0.997811,0.997811,,,0.992749,0.992749
01030000000093,0.997680,0.997680,0.000000,0.997680,0.997680,,,,
01030000000094,0.911956,0.917910,0.005955,0.911956,0.917910,,,,
01030000000095,0.926330,0.929354,0.003024,0.926330,0.929354,,,,
01030000000096,0.952844,0.952844,0.000000,0.952844,0.952844,,,,
01030000000097,0.951631,0.951631,0.000000,0.946801,0.946801,,,0.956462,0.956462
01030000000098,0.836246,0.837823,0.001577,0.836246,0.837823,,,,
01030000000099,0.905757,0.907598,0.001841,0.885877,0.888596,,,0.925638,0.926600
01030000000100,0.814064,0.817475,0.003410,0.814064,0.817475,,,,
01030000000101,0.995918,0.995918,0.000000,0.994749,0.994749,,,0.997086,0.997086
01030000000102,0.934015,0.935131,0.001116,0.934015,0.935131,,,,
01030000000103,0.863309,0.863309,0.000000,0.937526,0.937526,,,0.789092,0.789092
01030000000104,0.926382,0.926382,0.000000,0.957975,0.957975,,,0.894790,0.894790
01030000000105,0.921880,0.921880,0.000000,0.904508,0.904508,,,0.939252,0.939252
01030000000106,0.822441,0.822441,0.000000,0.822441,0.822441,,,,
01030000000107,0.614911,0.614911,0.000000,0.464802,0.464802,,,0.765020,0.765020
01030000000108,0.994211,0.994211,0.000000,0.992727,0.992727,,,0.995695,0.995695
01030000000109,0.915989,0.915989,0.000000,0.909985,0.909985,,,0.921993,0.921993
01030000000110,0.259450,0.259450,0.000000,0.518900,0.518900,0.000000,0.000000,,
01030000000111,0.892582,0.892582,0.000000,0.892708,0.892708,,,0.892456,0.892456
01030000000112,0.981326,0.981326,0.000000,0.981326,0.981326,,,,
01030000000113,0.979194,0.979194,0.000000,0.970241,0.970241,,,0.988147,0.988147
01030000000114,0.997728,0.997728,0.000000,0.997728,0.997728,,,,
01030000000115,0.990400,0.990400,0.000000,0.988482,0.988482,,,0.992318,0.992318
01030000000116,0.931339,0.935246,0.003907,0.907080,0.914894,0.955598,0.955598,,
01030000000117,0.919089,0.919089,0.000000,0.888939,0.888939,1.000000,1.000000,0.868329,0.868329
01030000000118,0.654816,0.854061,0.199245,0.910281,0.910557,,,0.399351,0.797566
01030000000119,0.880644,0.877709,-0.002935,0.950681,0.955418,0.810606,0.800000,,
01030000000120,0.950284,0.974230,0.023946,0.900568,0.948460,1.000000,1.000000,,
01030000000121,0.966777,0.983523,0.016746,0.956392,0.982663,0.993789,0.993789,0.950149,0.974116
01030000000122,0.557590,0.557590,0.000000,0.805654,0.805654,0.000000,0.000000,0.867116,0.867116
01030000000123,0.902670,0.902670,0.000000,0.878698,0.878698,,,0.926642,0.926642
01030000000124,0.895761,0.901185,0.005424,0.923215,0.927069,,,0.868307,0.875300
01030000000125,0.999326,0.999326,0.000000,0.999326,0.999326,,,,
01030000000126,0.862754,0.861942,-0.000812,0.897309,0.896325,,,0.828199,0.827560
01030000000127,0.955635,0.955635,0.000000,0.937927,0.937927,0.973343,0.973343,,
01030000000128,0.933776,0.936958,0.003182,0.867553,0.873916,1.000000,1.000000,,
01030000000129,0.921128,0.921128,0.000000,0.921128,0.921128,,,,
01030000000130,0.942483,0.946226,0.003744,0.886321,0.893809,0.998644,0.998644,,
01030000000131,0.840371,0.840371,0.000000,0.840371,0.840371,,,,
01030000000132,0.952790,0.952790,0.000000,0.905580,0.905580,1.000000,1.000000,,
01030000000133,0.956622,0.966697,0.010075,0.953601,0.966099,,,0.959644,0.967296
01030000000134,0.801408,0.801408,0.000000,0.801408,0.801408,,,,
01030000000135,0.995774,0.995502,-0.000271,0.995774,0.995502,,,,
01030000000136,0.831388,0.831388,0.000000,0.831388,0.831388,,,,
01030000000137,0.969722,0.969722,0.000000,0.969722,0.969722,,,,
01030000000138,0.994833,0.994833,0.000000,0.994833,0.994833,,,,
01030000000139,0.952069,0.952069,0.000000,0.952069,0.952069,,,,
01030000000140,0.900033,0.945892,0.045859,0.900033,0.945892,,,,
01030000000141,0.010118,0.010118,0.000000,0.020236,0.020236,,,0.000000,0.000000
01030000000142,0.976613,0.976399,-0.000214,0.974080,0.973793,,,0.979147,0.979006
01030000000143,0.958449,0.958449,0.000000,0.973351,0.973351,,,0.943546,0.943546
01030000000144,0.887379,0.887379,0.000000,0.892205,0.892205,,,0.882552,0.882552
01030000000145,0.928222,0.928222,0.000000,0.905942,0.905942,,,0.950501,0.950501
01030000000146,0.733941,0.952120,0.218179,0.933382,0.968928,0.397826,1.000000,0.870613,0.887432
01030000000147,0.770062,0.865245,0.095183,0.755837,0.933440,0.900143,0.939985,0.654207,0.722311
01030000000148,0.411296,0.411296,0.000000,0.822592,0.822592,,,0.000000,0.000000
01030000000149,0.965782,0.965782,0.000000,0.931565,0.931565,1.000000,1.000000,,
01030000000150,0.741041,0.884428,0.143387,0.864241,0.934633,0.662492,0.991072,0.696391,0.727578
01030000000151,0.989489,0.989489,0.000000,0.986667,0.986667,,,0.992311,0.992311
01030000000152,0.897621,0.897621,0.000000,0.897621,0.897621,,,,
01030000000153,0.948172,0.962694,0.014523,0.921011,0.943343,,,0.975333,0.982045
01030000000154,0.895124,0.895124,0.000000,0.926183,0.926183,,,0.864065,0.864065
01030000000155,1.000000,1.000000,0.000000,1.000000,1.000000,,,1.000000,1.000000
01030000000156,0.938454,0.968743,0.030289,0.923993,0.961721,,,0.952915,0.975766
01030000000157,0.942277,0.969410,0.027133,0.928373,0.962162,,,0.956181,0.976657
01030000000158,0.956891,0.962354,0.005463,0.953889,0.960150,,,0.959892,0.964557
01030000000159,0.994619,0.994619,0.000000,0.992908,0.992908,,,0.996331,0.996331
01030000000160,0.991576,0.991576,0.000000,0.991576,0.991576,,,,
01030000000161,0.995172,0.995172,0.000000,0.995172,0.995172,,,,
01030000000162,0.980986,0.983410,0.002424,0.980986,0.983410,,,,
01030000000163,0.802044,0.876906,0.074861,0.897358,0.898036,,,0.706730,0.855775
01030000000164,0.998348,0.998348,0.000000,0.998348,0.998348,,,,
01030000000165,0.927968,0.927968,0.000000,0.875323,0.875323,1.000000,1.000000,0.908582,0.908582
01030000000166,0.959658,0.959658,0.000000,0.918050,0.918050,1.000000,1.000000,0.960924,0.960924
01030000000167,0.986754,0.986754,0.000000,0.982888,0.982888,,,0.990619,0.990619
01030000000168,0.933001,0.933001,0.000000,0.926881,0.926881,,,0.939121,0.939121
01030000000169,0.950091,0.950091,0.000000,0.951214,0.951214,,,0.948968,0.948968
01030000000170,0.814502,0.950565,0.136063,0.871803,0.918583,0.757201,0.982547,,
01030000000171,0.990735,0.990735,0.000000,0.988871,0.988871,,,0.992598,0.992598
01030000000172,0.992219,0.992219,0.000000,0.992219,0.992219,,,,
01030000000173,0.929313,0.929313,0.000000,0.968345,0.968345,,,0.890281,0.890281
01030000000174,0.960977,0.960977,0.000000,0.971541,0.971541,,,0.950414,0.950414
01030000000175,0.984990,0.984990,0.000000,0.985035,0.985035,,,0.984946,0.984946
01030000000176,0.952448,0.952448,0.000000,0.975907,0.975907,,,0.928989,0.928989
01030000000177,0.826276,0.926018,0.099741,0.815359,0.922901,,,0.837193,0.929134
01030000000178,0.973525,0.983162,0.009638,0.953899,0.971637,0.998433,0.998433,0.968243,0.979417
01030000000179,0.987897,0.987897,0.000000,0.983683,0.983683,,,0.992111,0.992111
01030000000180,0.940424,0.947333,0.006909,0.918448,0.929228,0.975497,0.975497,0.927327,0.937274
01030000000181,0.988405,0.988405,0.000000,0.980392,0.980392,,,0.996417,0.996417
01030000000182,0.793690,0.987978,0.194288,0.902959,0.975857,0.523810,0.999147,0.954301,0.988931
01030000000183,0.885854,0.885854,0.000000,0.879808,0.879808,,,0.891901,0.891901
01030000000184,0.821047,0.901189,0.080142,0.847283,0.849109,,,0.794811,0.953269
01030000000185,0.826013,0.974428,0.148415,0.840516,0.968011,,,0.811509,0.980844
01030000000186,0.904458,0.909463,0.005004,0.943751,0.950128,,,0.865166,0.868797
01030000000187,0.975146,0.975146,0.000000,0.985331,0.985331,0.947368,0.947368,0.992739,0.992739
01030000000188,0.964835,0.964835,0.000000,0.946285,0.946285,0.980215,0.980215,0.968004,0.968004
01030000000189,0.959863,0.959863,0.000000,0.943370,0.943370,0.966443,0.966443,0.969776,0.969776
01030000000190,0.980318,0.980318,0.000000,0.958734,0.958734,0.999297,0.999297,0.982923,0.982923
01030000000191,0.998806,0.998806,0.000000,0.998251,0.998251,,,0.999361,0.999361
01030000000192,0.939287,0.969881,0.030594,0.939287,0.969881,,,,
01030000000193,0.994120,0.994120,0.000000,0.994120,0.994120,,,,
01030000000194,0.998593,0.998593,0.000000,0.998593,0.998593,,,,
01030000000195,0.998191,0.998191,0.000000,0.997515,0.997515,,,0.998868,0.998868
01030000000196,0.999383,0.999383,0.000000,0.999023,0.999023,,,0.999744,0.999744
01030000000197,0.907748,0.907748,0.000000,0.958034,0.958034,0.789474,0.789474,0.975736,0.975736
01030000000198,0.894636,0.890873,-0.003763,0.865922,0.861111,,,0.923351,0.920635
01030000000199,0.581878,0.904108,0.322230,0.717810,0.871423,,,0.445946,0.936793
01030000000200,0.707190,0.932988,0.225798,0.751064,0.944226,0.473382,0.881683,0.897125,0.973056
